inference_index,sim_time,policy_id,cmd_x,cmd_y,cmd_yaw
1,10.440000,3,-0.000000,-0.000000,-0.000000
2,10.460000,3,-0.000000,-0.000000,-0.000000
3,10.480000,3,-0.000000,-0.000000,-0.000000
4,10.500000,3,-0.000000,-0.000000,-0.000000
5,10.520000,3,-0.000000,-0.000000,-0.000000
6,10.540000,3,-0.000000,-0.000000,-0.000000
7,10.560000,3,-0.000000,-0.000000,-0.000000
8,10.580000,3,-0.000000,-0.000000,-0.000000
9,10.600000,3,-0.000000,-0.000000,-0.000000
10,10.620000,3,-0.000000,-0.000000,-0.000000
11,10.640000,3,-0.000000,-0.000000,-0.000000
12,10.660000,3,-0.000000,-0.000000,-0.000000
13,10.680000,3,-0.000000,-0.000000,-0.000000
14,10.700000,3,-0.000000,-0.000000,-0.000000
15,10.720000,3,-0.000000,-0.000000,-0.000000
16,10.740000,3,-0.000000,-0.000000,-0.000000
17,10.760000,3,-0.000000,-0.000000,-0.000000
18,10.780000,3,-0.000000,-0.000000,-0.000000
19,10.800000,3,-0.000000,-0.000000,-0.000000
20,10.820000,3,-0.000000,-0.000000,-0.000000
21,10.840000,3,-0.000000,-0.000000,-0.000000
22,10.860000,3,-0.000000,-0.000000,-0.000000
23,10.880000,3,-0.000000,-0.000000,-0.000000
24,10.900000,3,-0.000000,-0.000000,-0.000000
25,10.920000,3,-0.000000,-0.000000,-0.000000
26,10.940000,3,-0.000000,-0.000000,-0.000000
27,10.960000,3,-0.000000,-0.000000,-0.000000
28,10.980000,3,-0.000000,-0.000000,-0.000000
29,11.000000,3,-0.000000,-0.000000,-0.000000
30,11.020000,3,-0.000000,-0.000000,-0.000000
31,11.040000,3,-0.000000,-0.000000,-0.000000
32,11.060000,3,-0.000000,-0.000000,-0.000000
33,11.080000,3,-0.000000,-0.000000,-0.000000
34,11.100000,3,-0.000000,-0.000000,-0.000000
35,11.120000,3,-0.000000,-0.000000,-0.000000
36,11.140000,3,-0.000000,-0.000000,-0.000000
37,11.160000,3,-0.000000,-0.000000,-0.000000
38,11.180000,3,-0.000000,-0.000000,-0.000000
39,11.200000,3,-0.000000,-0.000000,-0.000000
40,11.220000,3,-0.000000,-0.000000,-0.000000
41,11.240000,3,-0.000000,-0.000000,-0.000000
42,11.260000,3,-0.000000,-0.000000,-0.000000
43,11.280000,3,-0.000000,-0.000000,-0.000000
44,11.300000,3,-0.000000,-0.000000,-0.000000
45,11.320000,3,-0.000000,-0.000000,-0.000000
46,11.340000,3,-0.000000,-0.000000,-0.000000
47,11.360000,3,-0.000000,-0.000000,-0.000000
48,11.380000,3,-0.000000,-0.000000,-0.000000
49,11.400000,3,0.052644,-0.003784,-0.000000
50,11.420000,3,0.145329,-0.017823,-0.000000
51,11.440000,3,0.240089,-0.044374,-0.000000
52,11.460000,3,0.342570,-0.086795,-0.000000
53,11.480000,3,0.434065,-0.117801,-0.000000
54,11.500000,3,0.552660,-0.129856,-0.000000
55,11.520000,3,0.753105,-0.112033,-0.000000
56,11.540000,3,0.969054,-0.048799,-0.000000
57,11.560000,3,1.000000,-0.015290,-0.000000
58,11.580000,3,1.000000,-0.010041,-0.000000
59,11.600000,3,1.000000,-0.009949,-0.000000
60,11.620000,3,1.000000,-0.011567,-0.000000
61,11.640000,3,1.000000,-0.018921,-0.000000
62,11.660000,3,1.000000,-0.020875,-0.000000
63,11.680000,3,1.000000,-0.022034,-0.000000
64,11.700000,3,1.000000,-0.022034,-0.000000
65,11.720000,3,1.000000,-0.022034,-0.000000
66,11.740000,3,1.000000,-0.022034,-0.000000
67,11.760000,3,1.000000,-0.022553,-0.000000
68,11.780000,3,1.000000,-0.022858,-0.000000
69,11.800000,3,1.000000,-0.022858,-0.000000
70,11.820000,3,1.000000,-0.022553,-0.000000
71,11.840000,3,1.000000,-0.022706,-0.000000
72,11.860000,3,1.000000,-0.022858,-0.000000
73,11.880000,3,1.000000,-0.022858,-0.000000
74,11.900000,3,1.000000,-0.022858,-0.000000
75,11.920000,3,1.000000,-0.043580,-0.000000
76,11.940000,3,1.000000,-0.070589,-0.000000
77,11.960000,3,1.000000,-0.096286,-0.000000
78,11.980000,3,1.000000,-0.112308,-0.000000
79,12.000000,3,1.000000,-0.116520,-0.000000
80,12.020000,3,1.000000,-0.121891,-0.000000
81,12.040000,3,1.000000,-0.131748,-0.000000
82,12.060000,3,1.000000,-0.150731,-0.000000
83,12.080000,3,1.000000,-0.175146,-0.000000
84,12.100000,3,1.000000,-0.186316,-0.000000
85,12.120000,3,0.990234,-0.187567,-0.000000
86,12.140000,3,0.972442,-0.187567,-0.000000
87,12.160000,3,0.953764,-0.187231,-0.000000
88,12.180000,3,0.936277,-0.187811,-0.000000
89,12.200000,3,0.912961,-0.187719,-0.000000
90,12.220000,3,0.867244,-0.185980,-0.000000
91,12.240000,3,0.785974,-0.183355,-0.000000
92,12.260000,3,0.708060,-0.180151,-0.000000
93,12.280000,3,0.616230,-0.176000,-0.000000
94,12.300000,3,0.416639,-0.162877,-0.000000
95,12.320000,3,0.066897,-0.036561,-0.000000
96,12.340000,3,-0.000000,-0.000000,-0.000000
97,12.360000,3,-0.000000,-0.000000,-0.000000
98,12.380000,3,-0.000000,-0.000000,-0.000000
99,12.400000,3,-0.000000,-0.000000,-0.000000
100,12.420000,3,-0.000000,-0.000000,-0.000000
101,12.440000,3,-0.000000,-0.000000,-0.000000
102,12.460000,3,-0.000000,-0.000000,-0.000000
103,12.480000,3,-0.000000,-0.000000,-0.000000
104,12.500000,3,-0.000000,-0.000000,-0.000000
105,12.520000,3,-0.000000,-0.000000,-0.000000
106,12.540000,3,-0.000000,-0.000000,-0.000000
107,12.560000,3,-0.000000,-0.000000,-0.000000
108,12.580000,3,-0.000000,-0.000000,-0.000000
109,12.600000,3,-0.000000,-0.000000,-0.006684
110,12.620000,3,-0.000000,-0.000000,-0.110645
111,12.640000,3,-0.000000,-0.000000,-0.276040
112,12.660000,3,-0.000000,-0.000000,-0.377346
113,12.680000,3,-0.000000,-0.000000,-0.504196
114,12.700000,3,-0.000000,-0.000000,-0.571764
115,12.720000,3,-0.000000,-0.000000,-0.590625
116,12.740000,3,-0.000000,-0.000000,-0.597171
117,12.760000,3,-0.000000,-0.000000,-0.599185
118,12.780000,3,-0.000000,-0.000000,-0.600742
119,12.800000,3,-0.000000,-0.000000,-0.600742
120,12.820000,3,-0.000000,-0.000000,-0.601794
121,12.840000,3,-0.000000,-0.000000,-0.601382
122,12.860000,3,-0.000000,-0.000000,-0.582018
123,12.880000,3,-0.000000,-0.000000,-0.557482
124,12.900000,3,-0.000000,-0.000000,-0.520997
125,12.920000,3,-0.000000,-0.000000,-0.482864
126,12.940000,3,-0.000000,-0.000000,-0.430082
127,12.960000,3,-0.000000,-0.000000,-0.388195
128,12.980000,3,-0.000000,-0.000000,-0.362377
129,13.000000,3,-0.000000,-0.000000,-0.337840
130,13.020000,3,-0.000000,-0.000000,-0.316095
131,13.040000,3,-0.000000,-0.000000,-0.270867
132,13.060000,3,-0.000000,-0.000000,-0.218177
133,13.080000,3,-0.000000,-0.000000,-0.169378
134,13.100000,3,-0.000000,-0.000000,-0.092975
135,13.120000,3,-0.000000,-0.000000,-0.009247
136,13.140000,3,-0.000000,-0.000000,-0.000000
137,13.160000,3,-0.000000,-0.000000,-0.000000
138,13.180000,3,-0.000000,-0.000000,-0.000000
139,13.200000,3,-0.000000,-0.000000,-0.000000
140,13.220000,3,-0.000000,-0.000000,-0.000000
141,13.240000,3,-0.000000,-0.000000,-0.000000
142,13.260000,3,-0.000000,-0.000000,-0.000000
143,13.280000,3,-0.000000,-0.000000,-0.000000
144,13.300000,3,-0.000000,-0.000000,-0.000000
145,13.320000,3,-0.000000,-0.000000,-0.000000
146,13.340000,3,-0.000000,-0.000000,-0.000000
147,13.360000,3,-0.000000,-0.000000,-0.000000
148,13.380000,3,-0.000000,-0.000000,-0.000000
149,13.400000,3,-0.000000,-0.000000,-0.000000
150,13.420000,3,-0.000000,-0.000000,-0.000000
151,13.440000,3,-0.000000,-0.000000,-0.000000
152,13.460000,3,-0.000000,-0.000000,-0.000000
153,13.480000,3,-0.000000,-0.000000,-0.000000
154,13.500000,3,-0.000000,-0.000000,-0.000000
155,13.520000,3,-0.000000,-0.000000,-0.000000
156,13.540000,3,-0.000000,-0.000000,-0.000000
157,13.560000,3,-0.000000,-0.000000,-0.000000
158,13.580000,3,-0.000000,-0.000000,-0.000000
159,13.600000,3,-0.000000,-0.000000,-0.000000
160,13.620000,3,-0.000000,-0.000000,-0.000000
161,13.640000,3,-0.000000,-0.000000,-0.000000
162,13.660000,3,-0.000000,-0.000000,-0.000000
163,13.680000,3,-0.000000,-0.000000,-0.000000
164,13.700000,3,-0.000000,-0.000000,-0.000000
165,13.720000,3,-0.000000,-0.000000,-0.000000
166,13.740000,3,-0.000000,-0.000000,-0.000000
167,13.760000,3,-0.000000,-0.000000,-0.000000
168,13.780000,3,-0.000000,-0.000000,-0.000000
169,13.800000,3,-0.000000,-0.000000,-0.000000
170,13.820000,3,-0.000000,-0.000000,-0.000000
171,13.840000,3,-0.000000,-0.000000,-0.000000
172,13.860000,3,-0.000000,-0.000000,-0.000000
173,13.880000,3,-0.000000,-0.000000,-0.000000
174,13.900000,3,-0.000000,-0.000000,-0.000000
175,13.920000,3,-0.000000,-0.000000,-0.000000
176,13.940000,3,-0.000000,-0.000000,-0.000000
177,13.960000,3,-0.000000,-0.000000,-0.000000
178,13.980000,3,-0.000000,-0.000000,-0.000000
179,14.000000,3,-0.000000,-0.000000,-0.000000
180,14.020000,3,-0.000000,-0.000000,-0.000000
181,14.040000,3,-0.000000,-0.000000,-0.000000
182,14.060000,3,-0.000000,-0.000000,-0.000000
183,14.080000,3,-0.000000,-0.000000,-0.000000
184,14.100000,3,-0.000000,-0.000000,-0.000000
185,14.120000,3,-0.000000,-0.000000,-0.000000
186,14.140000,3,-0.000000,-0.000000,-0.000000
187,14.160000,3,-0.000000,-0.000000,-0.000000
188,14.180000,3,-0.000000,-0.000000,-0.000000
189,14.200000,3,-0.000000,-0.000000,-0.000000
190,14.220000,3,-0.000000,-0.000000,-0.000000
191,14.240000,3,-0.000000,-0.000000,-0.000000
192,14.260000,3,-0.000000,-0.000000,-0.000000
193,14.280000,3,-0.000000,-0.000000,-0.000000
194,14.300000,3,-0.000000,-0.000000,-0.000000
195,14.320000,3,-0.000000,-0.000000,-0.000000
196,14.340000,3,-0.000000,-0.000000,-0.000000
197,14.360000,3,-0.000000,-0.000000,-0.000000
198,14.380000,3,-0.000000,-0.000000,-0.000000
199,14.400000,3,-0.000000,-0.000000,-0.000000
200,14.420000,3,-0.000000,-0.000000,-0.000000
201,14.440000,3,-0.000000,-0.000000,-0.000000
202,14.460000,3,-0.000000,-0.000000,-0.000000
203,14.480000,3,-0.000000,-0.000000,-0.000000
204,14.500000,3,-0.000000,-0.000000,-0.000000
205,14.520000,3,-0.000000,-0.000000,-0.000000
206,14.540000,3,-0.000000,-0.000000,-0.000000
207,14.560000,3,-0.000000,-0.000000,-0.000000
208,14.580000,3,-0.000000,-0.000000,-0.000000
209,14.600000,3,-0.000000,-0.000000,-0.000000
210,14.620000,3,-0.000000,-0.000000,-0.000000
211,14.640000,3,-0.000000,-0.000000,-0.000000
212,14.660000,3,-0.000000,-0.000000,-0.000000
213,14.680000,3,-0.000000,-0.000000,-0.000000
214,14.700000,3,-0.000000,-0.000000,-0.000000
215,14.720000,3,-0.000000,-0.000000,-0.000000
216,14.740000,3,-0.000000,-0.000000,-0.000000
217,14.760000,3,-0.000000,-0.000000,-0.000000
218,14.780000,3,-0.000000,-0.000000,-0.000000
219,14.800000,3,-0.000000,-0.000000,-0.000000
220,14.820000,3,-0.000000,-0.000000,-0.000000
221,14.840000,3,-0.000000,-0.000000,-0.000000
222,14.860000,3,-0.000000,-0.000000,-0.000000
223,14.880000,3,-0.000000,-0.000000,-0.000000
224,14.900000,3,-0.000000,-0.000000,-0.000000
225,14.920000,3,-0.000000,-0.000000,-0.000000
226,14.940000,3,-0.000000,-0.000000,-0.000000
227,14.960000,3,-0.000000,-0.000000,-0.000000
228,14.980000,3,-0.000000,-0.000000,-0.000000
229,15.000000,3,-0.000000,-0.000000,-0.000000
230,15.020000,3,-0.000000,-0.000000,-0.000000
231,15.040000,3,-0.000000,-0.000000,-0.000000
232,15.060000,3,-0.000000,-0.000000,-0.000000
233,15.080000,3,-0.000000,-0.000000,-0.000000
234,15.100000,3,-0.000000,-0.000000,-0.000000
235,15.120000,3,-0.000000,-0.000000,-0.000000
236,15.140000,3,-0.000000,-0.000000,-0.000000
237,15.160000,3,-0.000000,-0.000000,-0.000000
238,15.180000,3,-0.000000,-0.000000,-0.000000
239,15.200000,3,-0.000000,-0.000000,-0.000000
240,15.220000,3,-0.000000,-0.000000,-0.000000
241,15.240000,3,-0.000000,-0.000000,-0.000000
242,15.260000,3,-0.000000,-0.000000,-0.000000
243,15.280000,3,-0.000000,-0.000000,-0.000000
244,15.300000,3,-0.000000,-0.000000,-0.000000
245,15.320000,3,-0.000000,-0.000000,-0.000000
246,15.340000,3,-0.000000,-0.000000,-0.000000
247,15.360000,3,-0.000000,-0.000000,-0.000000
248,15.380000,3,-0.000000,-0.000000,-0.000000
249,15.400000,3,-0.000000,-0.000000,-0.000000
250,15.420000,3,-0.000000,-0.000000,-0.000000
251,15.440000,3,-0.000000,-0.000000,-0.000000
252,15.460000,3,-0.000000,-0.000000,-0.000000
253,15.480000,3,-0.000000,-0.000000,-0.000000
254,15.500000,3,-0.000000,-0.000000,-0.000000
255,15.520000,3,-0.000000,-0.000000,-0.000000
256,15.540000,3,-0.000000,-0.000000,-0.000000
257,15.560000,3,-0.000000,-0.000000,-0.000000
258,15.580000,3,-0.000000,-0.000000,-0.000000
259,15.600000,3,-0.000000,-0.000000,-0.000000
260,15.620000,3,-0.000000,-0.000000,-0.000000
261,15.640000,3,-0.000000,-0.000000,-0.000000
262,15.660000,3,-0.000000,-0.000000,-0.000000
263,15.680000,3,-0.000000,-0.000000,-0.000000
264,15.700000,3,-0.000000,-0.000000,-0.000000
265,15.720000,3,-0.000000,-0.000000,-0.000000
266,15.740000,3,-0.000000,-0.000000,-0.000000
267,15.760000,3,-0.000000,-0.000000,-0.000000
268,15.780000,3,-0.000000,-0.000000,-0.000000
269,15.800000,3,-0.000000,-0.000000,-0.000000
270,15.820000,3,-0.000000,-0.000000,-0.000000
271,15.840000,3,-0.000000,-0.000000,-0.000000
272,15.860000,3,-0.000000,-0.000000,-0.000000
273,15.880000,3,-0.000000,-0.000000,-0.000000
274,15.900000,3,-0.000000,-0.000000,-0.000000
275,15.920000,3,-0.000000,-0.000000,-0.000000
276,15.940000,3,-0.000000,-0.000000,-0.000000
277,15.960000,3,-0.000000,-0.000000,-0.000000
278,15.980000,3,-0.000000,-0.000000,-0.000000
279,16.000000,3,-0.000000,-0.000000,-0.000000
280,16.020000,3,-0.000000,-0.000000,-0.000000
281,16.040000,3,-0.000000,-0.000000,-0.000000
282,16.060000,3,-0.000000,-0.000000,-0.000000
283,16.080000,3,-0.000000,-0.000000,-0.000000
284,16.100000,3,-0.000000,-0.000000,-0.000000
285,16.120000,3,-0.000000,-0.000000,-0.000000
286,16.140000,3,-0.000000,-0.000000,-0.000000
287,16.160000,3,-0.000000,-0.000000,-0.000000
288,16.180000,3,-0.000000,-0.000000,-0.000000
289,16.200000,3,-0.000000,-0.000000,-0.000000
290,16.220000,3,-0.000000,-0.000000,-0.000000
291,16.240000,3,-0.000000,-0.000000,-0.000000
292,16.260000,3,-0.000000,-0.000000,-0.000000
293,16.280000,3,-0.000000,-0.000000,-0.000000
294,16.300000,3,-0.000000,-0.000000,-0.000000
295,16.320000,3,-0.000000,-0.000000,-0.000000
296,16.340000,3,-0.000000,-0.000000,-0.000000
297,16.360000,3,-0.000000,-0.000000,-0.000000
298,16.380000,3,-0.000000,-0.000000,-0.000000
299,16.400000,3,-0.000000,-0.000000,-0.000000
300,16.420000,3,-0.000000,-0.000000,-0.000000
301,16.440000,3,-0.000000,-0.000000,-0.000000
302,16.460000,3,-0.000000,-0.000000,-0.000000
303,16.480000,3,-0.000000,-0.000000,-0.000000
304,16.500000,3,-0.000000,-0.000000,-0.000000
305,16.520000,3,-0.000000,-0.000000,-0.000000
306,16.540000,3,-0.000000,-0.000000,-0.000000
307,16.560000,3,-0.000000,-0.000000,-0.000000
308,16.580000,3,-0.000000,-0.000000,-0.000000
309,16.600000,3,-0.000000,-0.000000,-0.000000
310,16.620000,3,-0.000000,-0.000000,-0.000000
311,16.640000,3,-0.000000,-0.000000,-0.000000
312,16.660000,3,-0.000000,-0.000000,-0.000000
313,16.680000,3,-0.000000,-0.000000,-0.000000
314,16.700000,3,-0.000000,-0.000000,-0.000000
315,16.720000,3,-0.000000,-0.000000,-0.000000
316,16.740000,3,-0.000000,-0.000000,-0.000000
317,16.760000,3,-0.000000,-0.000000,-0.000000
318,16.780000,3,-0.000000,-0.000000,-0.000000
319,16.800000,3,-0.000000,-0.000000,-0.000000
320,16.820000,3,-0.000000,-0.000000,-0.000000
321,16.840000,3,-0.000000,-0.000000,-0.000000
322,16.860000,3,-0.000000,-0.000000,-0.000000
323,16.880000,3,-0.000000,-0.000000,-0.000000
324,16.900000,3,-0.000000,-0.000000,-0.000000
325,16.920000,3,-0.000000,-0.000000,-0.000000
326,16.940000,3,-0.000000,-0.000000,-0.000000
327,16.960000,3,-0.000000,-0.000000,-0.000000
328,16.980000,3,-0.000000,-0.000000,-0.000000
329,17.000000,3,-0.000000,-0.000000,-0.000000
330,17.020000,3,-0.000000,-0.000000,-0.000000
331,17.040000,3,-0.000000,-0.000000,-0.000000
332,17.060000,3,0.013825,-0.045869,-0.000000
333,17.080000,3,0.046144,-0.383892,-0.000000
334,17.100000,3,0.052492,-0.660848,-0.000000
335,17.120000,3,0.061800,-1.000000,-0.000000
336,17.140000,3,0.067507,-1.000000,0.006226
337,17.160000,3,0.063082,-1.000000,0.041658
338,17.180000,3,0.051851,-1.000000,0.045549
339,17.200000,3,-0.000000,-1.000000,0.045320
340,17.220000,3,-0.042512,-1.000000,0.038682
341,17.240000,3,-0.081576,-1.000000,0.004715
342,17.260000,3,-0.088900,-1.000000,-0.000000
343,17.280000,3,-0.092502,-1.000000,-0.000000
344,17.300000,3,-0.093905,-1.000000,-0.000000
345,17.320000,3,-0.102451,-1.000000,-0.000000
346,17.340000,3,-0.128147,-1.000000,-0.000000
347,17.360000,3,-0.141667,-1.000000,-0.000000
348,17.380000,3,-0.143895,-1.000000,-0.000000
349,17.400000,3,-0.145604,-1.000000,-0.000000
350,17.420000,3,-0.147252,-1.000000,-0.000000
351,17.440000,3,-0.147465,-1.000000,-0.000000
352,17.460000,3,-0.147465,-1.000000,-0.000000
353,17.480000,3,-0.147465,-1.000000,-0.000000
354,17.500000,3,-0.148167,-1.000000,-0.000000
355,17.520000,3,-0.148137,-1.000000,-0.000000
356,17.540000,3,-0.151433,-1.000000,-0.000000
357,17.560000,3,-0.159215,-1.000000,-0.000000
358,17.580000,3,-0.169836,-1.000000,-0.010895
359,17.600000,3,-0.186163,-1.000000,-0.207740
360,17.620000,3,-0.211035,-1.000000,-0.413190
361,17.640000,3,-0.231727,-1.000000,-0.575701
362,17.660000,3,-0.249794,-1.000000,-0.880993
363,17.680000,3,-0.255623,-1.000000,-1.173467
364,17.700000,3,-0.257241,-1.000000,-1.500000
365,17.720000,3,-0.259651,-1.000000,-1.500000
366,17.740000,3,-0.259438,-1.000000,-1.500000
367,17.760000,3,-0.259774,-1.000000,-1.500000
368,17.780000,3,-0.259896,-1.000000,-1.500000
369,17.800000,3,-0.259896,-1.000000,-1.500000
370,17.820000,3,-0.259896,-1.000000,-1.500000
371,17.840000,3,-0.259896,-1.000000,-1.500000
372,17.860000,3,-0.259896,-1.000000,-1.500000
373,17.880000,3,-0.261452,-1.000000,-1.500000
374,17.900000,3,-0.213233,-1.000000,-1.500000
375,17.920000,3,-0.031556,-0.339640,-1.500000
376,17.940000,3,-0.000000,-0.000000,-1.500000
377,17.960000,3,-0.000000,-0.000000,-1.500000
378,17.980000,3,-0.000000,-0.000000,-1.500000
379,18.000000,3,-0.000000,-0.000000,-1.500000
380,18.020000,3,-0.000000,-0.000000,-1.500000
381,18.040000,3,-0.171575,0.025849,-1.500000
382,18.060000,3,-0.293832,0.183386,-1.500000
383,18.080000,3,-0.363536,0.490005,-1.500000
384,18.100000,3,-0.366253,0.902249,-1.422819
385,18.120000,3,-0.341197,0.996490,-1.242592
386,18.140000,3,-0.338237,0.997375,-1.001709
387,18.160000,3,-0.344066,0.995483,-0.782434
388,18.180000,3,-0.354930,0.991882,-0.625462
389,18.200000,3,-0.361309,0.989593,-0.455351
390,18.220000,3,-0.366283,0.987548,-0.204306
391,18.240000,3,-0.374950,0.984161,-0.000000
392,18.260000,3,-0.391095,0.977874,-0.000000
393,18.280000,3,-0.405377,0.971954,-0.000000
394,18.300000,3,-0.415479,0.967681,-0.000000
395,18.320000,3,-0.430494,0.961058,-0.000000
396,18.340000,3,-0.452834,0.950682,-0.000000
397,18.360000,3,-0.481521,0.936430,-0.000000
398,18.380000,3,-0.512955,0.919523,-0.000000
399,18.400000,3,-0.557939,0.892850,-0.000000
400,18.420000,3,-0.598193,0.866329,-0.000000
401,18.440000,3,-0.642750,0.833766,-0.000000
402,18.460000,3,-0.689322,0.795618,-0.000000
403,18.480000,3,-0.713889,0.773644,-0.000000
404,18.500000,3,-0.736442,0.752220,-0.000000
405,18.520000,3,-0.757805,0.730674,-0.000000
406,18.540000,3,-0.764397,0.723777,-0.000000
407,18.560000,3,-0.767876,0.720084,-0.000000
408,18.580000,3,-0.776605,0.710654,-0.000000
409,18.600000,3,-0.784051,0.702445,-0.000000
410,18.620000,3,-0.788446,0.697470,-0.000000
411,18.640000,3,-0.790765,0.694845,-0.000000
412,18.660000,3,-0.795068,0.689962,-0.000000
413,18.680000,3,-0.798242,0.686239,-0.000000
414,18.700000,3,-0.802087,0.681814,-0.000000
415,18.720000,3,-0.807489,0.675375,-0.000000
416,18.740000,3,-0.813471,0.668203,-0.000000
417,18.760000,3,-0.816645,0.664327,-0.000000
418,18.780000,3,-0.820643,0.659383,-0.000000
419,18.800000,3,-0.823817,0.655324,-0.000000
420,18.820000,3,-0.827693,0.650502,-0.000000
421,18.840000,3,-0.832392,0.644459,-0.000000
422,18.860000,3,-0.837062,0.638203,-0.000000
423,18.880000,3,-0.839564,0.634693,-0.000000
424,18.900000,3,-0.841456,0.632557,-0.000000
425,18.920000,3,-0.844050,0.628712,-0.000000
426,18.940000,3,-0.846858,0.625385,-0.000000
427,18.960000,3,-0.848781,0.622700,-0.000000
428,18.980000,3,-0.851772,0.618671,-0.000000
429,19.000000,3,-0.854457,0.614978,-0.000000
430,19.020000,3,-0.855068,0.614063,-0.000000
431,19.040000,3,-0.856197,0.612476,-0.000000
432,19.060000,3,-0.856746,0.611560,-0.000000
433,19.080000,3,-0.857204,0.611011,-0.000000
434,19.100000,3,-0.857692,0.610340,-0.000000
435,19.120000,3,-0.858272,0.609546,-0.000000
436,19.140000,3,-0.859066,0.608448,-0.000000
437,19.160000,3,-0.859767,0.607440,-0.000000
438,19.180000,3,-0.859951,0.607196,-0.000000
439,19.200000,3,-0.860103,0.606861,-0.000000
440,19.220000,3,-0.860561,0.606311,-0.000000
441,19.240000,3,-0.860195,0.607013,-0.000000
442,19.260000,3,-0.859920,0.607349,-0.000000
443,19.280000,3,-0.859920,0.607410,-0.000000
444,19.300000,3,-0.859920,0.607410,-0.000000
445,19.320000,3,-0.859737,0.607654,-0.000000
446,19.340000,3,-0.859737,0.607715,-0.000000
447,19.360000,3,-0.859645,0.607776,-0.000000
448,19.380000,3,-0.859645,0.607776,-0.000000
449,19.400000,3,-0.859645,0.607776,-0.000000
450,19.420000,3,-0.859645,0.607776,-0.000000
451,19.440000,3,-0.859645,0.607776,-0.000000
452,19.460000,3,-0.859645,0.607776,-0.000000
453,19.480000,3,-0.859645,0.607776,-0.000000
454,19.500000,3,-0.859645,0.607776,-0.000000
455,19.520000,3,-0.859645,0.607776,-0.000000
456,19.540000,3,-0.859645,0.607776,-0.000000
457,19.560000,3,-0.859645,0.607776,-0.000000
458,19.580000,3,-0.859645,0.607776,-0.000000
459,19.600000,3,-0.859645,0.607776,-0.000000
460,19.620000,3,-0.859645,0.607776,-0.000000
461,19.640000,3,-0.859645,0.607776,-0.000000
462,19.660000,3,-0.859645,0.607776,-0.000000
463,19.680000,3,-0.859645,0.607776,-0.000000
464,19.700000,3,-0.859645,0.607776,-0.000000
465,19.720000,3,-0.859493,0.607929,-0.000000
466,19.740000,3,-0.859340,0.608203,-0.000000
467,19.760000,3,-0.859340,0.608203,-0.000000
468,19.780000,3,-0.859340,0.608203,-0.000000
469,19.800000,3,-0.859340,0.608203,-0.000000
470,19.820000,3,-0.859340,0.608203,-0.000000
471,19.840000,3,-0.859340,0.608203,-0.000000
472,19.860000,3,-0.859340,0.608203,-0.000000
473,19.880000,3,-0.859340,0.608203,-0.000000
474,19.900000,3,-0.859340,0.608203,-0.000000
475,19.920000,3,-0.859340,0.608203,-0.000000
476,19.940000,3,-0.859340,0.608203,-0.000000
477,19.960000,3,-0.859340,0.608203,-0.000000
478,19.980000,3,-0.859340,0.608203,-0.000000
479,20.000000,3,-0.859340,0.608203,-0.000000
480,20.020000,3,-0.859340,0.608203,-0.000000
481,20.040000,3,-0.859340,0.608203,-0.000000
482,20.060000,3,-0.859340,0.608203,-0.000000
483,20.080000,3,-0.859340,0.608203,-0.000000
484,20.100000,3,-0.859340,0.608203,-0.000000
485,20.120000,3,-0.859340,0.608203,-0.000000
486,20.140000,3,-0.859340,0.608203,-0.000000
487,20.160000,3,-0.859340,0.608203,-0.000000
488,20.180000,3,-0.859340,0.608203,-0.000000
489,20.200000,3,-0.859340,0.608203,-0.000000
490,20.220000,3,-0.859340,0.608203,-0.000000
491,20.240000,3,-0.859340,0.608203,-0.000000
492,20.260000,3,-0.859340,0.608203,-0.000000
493,20.280000,3,-0.859340,0.608203,-0.000000
494,20.300000,3,-0.859340,0.608203,-0.000000
495,20.320000,3,-0.859340,0.608203,-0.000000
496,20.340000,3,-0.859340,0.608203,-0.000000
497,20.360000,3,-0.859340,0.608203,-0.000000
498,20.380000,3,-0.859340,0.608203,-0.000000
499,20.400000,3,-0.859340,0.608203,-0.000000
500,20.420000,3,-0.859340,0.608203,-0.000000
501,20.440000,3,-0.859340,0.608203,-0.000000
502,20.460000,3,-0.859340,0.608203,-0.000000
503,20.480000,3,-0.859340,0.608203,-0.000000
504,20.500000,3,-0.859920,0.607257,-0.000000
505,20.520000,3,-0.860897,0.605914,-0.000000
506,20.540000,3,-0.861690,0.604724,-0.000000
507,20.560000,3,-0.864895,0.600208,-0.000000
508,20.580000,3,-0.865963,0.598621,-0.000000
509,20.600000,3,-0.866909,0.597125,-0.000000
510,20.620000,3,-0.868740,0.594623,-0.000000
511,20.640000,3,-0.869015,0.594165,-0.000000
512,20.660000,3,-0.869747,0.593097,-0.000000
513,20.680000,3,-0.869900,0.592883,-0.000000
514,20.700000,3,-0.849483,0.587603,-0.000000
515,20.720000,3,-0.718528,0.511704,-0.000000
516,20.740000,3,-0.094546,0.060640,-0.000000
517,20.760000,3,-0.000000,-0.000000,-0.000000
518,20.780000,3,-0.000000,-0.000000,-0.000000
519,20.800000,3,-0.000000,-0.000000,-0.000000
520,20.820000,3,-0.000000,-0.000000,-0.000000
521,20.840000,3,-0.000000,-0.000000,-0.000000
522,20.860000,3,-0.000000,-0.000000,-0.000000
523,20.880000,3,-0.000000,-0.000000,-0.000000
524,20.900000,3,-0.000000,-0.000000,-0.000000
525,20.920000,3,-0.000000,-0.000000,-0.000000
526,20.940000,3,-0.000000,-0.000000,-0.000000
527,20.960000,3,0.070528,-0.001679,-0.000000
528,20.980000,3,0.235115,-0.009857,-0.000000
529,21.000000,3,0.466964,-0.015748,-0.000000
530,21.020000,3,0.772393,-0.017121,-0.000000
531,21.040000,3,1.000000,-0.007080,-0.000000
532,21.060000,3,1.000000,-0.006134,-0.000000
533,21.080000,3,1.000000,-0.006714,-0.000000
534,21.100000,3,1.000000,-0.009278,-0.000000
535,21.120000,3,1.000000,-0.014710,-0.000000
536,21.140000,3,1.000000,-0.016602,-0.000000
537,21.160000,3,1.000000,-0.019288,-0.000000
538,21.180000,3,1.000000,-0.026521,-0.000000
539,21.200000,3,1.000000,-0.046449,-0.000000
540,21.220000,3,1.000000,-0.074343,-0.000000
541,21.240000,3,1.000000,-0.107791,-0.000000
542,21.260000,3,1.000000,-0.129795,-0.000000
543,21.280000,3,1.000000,-0.134129,-0.000000
544,21.300000,3,1.000000,-0.134892,-0.000000
545,21.320000,3,1.000000,-0.135289,-0.000000
546,21.340000,3,1.000000,-0.136418,-0.000000
547,21.360000,3,1.000000,-0.136418,-0.000000
548,21.380000,3,1.000000,-0.136418,-0.000000
549,21.400000,3,1.000000,-0.136418,-0.000000
550,21.420000,3,1.000000,-0.138066,-0.000000
551,21.440000,3,1.000000,-0.143162,-0.000000
552,21.460000,3,1.000000,-0.146336,-0.000000
553,21.480000,3,1.000000,-0.149541,-0.000000
554,21.500000,3,1.000000,-0.150670,-0.000000
555,21.520000,3,1.000000,-0.151128,-0.000000
556,21.540000,3,1.000000,-0.152532,-0.000000
557,21.560000,3,1.000000,-0.153356,-0.000000
558,21.580000,3,1.000000,-0.153508,-0.000000
559,21.600000,3,1.000000,-0.153356,-0.000000
560,21.620000,3,1.000000,-0.153539,-0.000000
561,21.640000,3,1.000000,-0.153539,-0.000000
562,21.660000,3,1.000000,-0.153539,-0.000000
563,21.680000,3,0.962554,-0.155339,-0.000000
564,21.700000,3,0.348216,-0.095187,-0.000000
565,21.720000,3,-0.000000,-0.000000,-0.000000
566,21.740000,3,-0.000000,-0.000000,-0.000000
567,21.760000,3,-0.000000,-0.000000,-0.000000
568,21.780000,3,-0.000000,-0.000000,-0.000000
569,21.800000,3,-0.000000,-0.000000,-0.000000
570,21.820000,3,-0.000000,-0.000000,-0.000000
571,21.840000,3,-0.000000,-0.000000,-0.000000
572,21.860000,3,-0.000000,-0.000000,-0.000000
573,21.880000,3,-0.000000,-0.000000,-0.000000
574,21.900000,3,-0.000000,-0.000000,-0.000000
575,21.920000,3,-0.000000,-0.000000,-0.000000
576,21.940000,3,-0.000000,-0.000000,-0.000000
577,21.960000,3,-0.000000,-0.000000,-0.000000
578,21.980000,3,-0.000000,-0.000000,-0.000000
579,22.000000,3,-0.000000,-0.000000,-0.000000
580,22.020000,3,-0.000000,-0.000000,-0.000000
581,22.040000,3,-0.000000,-0.000000,-0.000000
582,22.060000,3,-0.000000,-0.000000,-0.000000
583,22.080000,3,-0.000000,-0.000000,-0.000000
584,22.100000,3,-0.000000,-0.000000,-0.000000
585,22.120000,3,-0.000000,-0.000000,-0.000000
586,22.140000,3,-0.000000,-0.000000,-0.000000
587,22.160000,3,-0.000000,-0.000000,-0.000000
588,22.180000,3,-0.000000,-0.000000,-0.000000
589,22.200000,3,-0.000000,-0.000000,-0.000000
590,22.220000,3,-0.000000,-0.000000,-0.000000
591,22.240000,3,-0.000000,-0.000000,-0.000000
592,22.260000,3,-0.000000,-0.000000,-0.000000
593,22.280000,3,-0.000000,-0.000000,-0.000000
594,22.300000,3,-0.000000,-0.000000,-0.000000
595,22.320000,3,-0.000000,-0.000000,-0.000000
596,22.340000,3,-0.000000,-0.000000,-0.000000
597,22.360000,3,-0.000000,-0.000000,-0.000000
598,22.380000,3,-0.000000,-0.000000,-0.000000
599,22.400000,3,-0.000000,-0.000000,-0.000000
600,22.420000,3,-0.000000,-0.000000,-0.000000
601,22.440000,3,-0.000000,-0.000000,-0.000000
602,22.460000,3,-0.000000,-0.000000,-0.000000
603,22.480000,3,-0.000000,-0.000000,-0.000000
604,22.500000,3,-0.000000,-0.000000,-0.000000
605,22.520000,3,-0.000000,-0.000000,-0.000000
606,22.540000,3,-0.000000,-0.000000,-0.000000
607,22.560000,3,-0.000000,-0.000000,-0.000000
608,22.580000,3,-0.000000,-0.000000,-0.000000
609,22.600000,3,-0.000000,-0.000000,-0.000000
610,22.620000,3,-0.000000,-0.000000,-0.000000
611,22.640000,3,-0.000000,-0.000000,-0.000000
612,22.660000,3,-0.000000,-0.000000,-0.000000
613,22.680000,3,-0.000000,-0.000000,-0.000000
614,22.700000,3,-0.000000,-0.000000,-0.000000
615,22.720000,3,-0.000000,-0.000000,-0.000000
616,22.740000,3,-0.000000,-0.000000,-0.000000
617,22.760000,3,-0.000000,-0.000000,-0.000000
618,22.780000,3,-0.000000,-0.000000,-0.000000
619,22.800000,3,-0.000000,-0.000000,-0.000000
620,22.820000,3,-0.000000,-0.000000,-0.000000
621,22.840000,3,-0.000000,-0.000000,-0.000000
622,22.860000,3,-0.000000,-0.000000,-0.000000
623,22.880000,3,-0.000000,-0.000000,-0.000000
624,22.900000,3,-0.000000,-0.000000,-0.000000
625,22.920000,3,-0.000000,-0.000000,-0.000000
626,22.940000,3,-0.000000,-0.000000,-0.000000
627,22.960000,3,-0.000000,-0.000000,-0.000000
628,22.980000,3,-0.000000,-0.000000,-0.000000
629,23.000000,3,-0.000000,-0.000000,-0.000000
630,23.020000,3,-0.000000,-0.000000,-0.000000
631,23.040000,3,-0.000000,-0.000000,-0.000000
632,23.060000,3,-0.000000,-0.000000,-0.000000
633,23.080000,3,-0.000000,-0.000000,-0.000000
634,23.100000,3,-0.000000,-0.000000,-0.000000
635,23.120000,3,-0.000000,-0.000000,-0.000000
636,23.140000,3,-0.000000,-0.000000,-0.000000
637,23.160000,3,-0.000000,-0.000000,-0.000000
638,23.180000,3,-0.000000,-0.000000,-0.000000
639,23.200000,3,-0.000000,-0.000000,-0.000000
640,23.220000,3,-0.000000,-0.000000,-0.000000
641,23.240000,3,-0.000000,-0.000000,-0.000000
642,23.260000,3,-0.000000,-0.000000,-0.000000
643,23.280000,3,-0.000000,-0.000000,-0.000000
